snp_id,count
16212,57
1967,57
11837,57
10591,57
450,57
10871,57
17446,57
4153,57
1936,57
15270,56
975,56
7211,56
17820,56
3160,56
999,56
10553,56
8837,56
10654,56
13452,56
16950,56
8982,56
11325,56
14480,56
17595,56
14318,56
9260,56
10270,56
1676,56
14377,56
15022,56
11569,56
8685,56
16926,56
15294,55
4095,55
17879,55
15222,55
9195,55
15709,55
7184,55
14481,55
6252,55
6758,55
5177,55
3643,55
15010,55
3233,55
1558,55
13600,54
4933,54
13557,53
4254,52
1567,52
11470,52
7298,52
3867,51
2919,51
7920,51
10713,51
15377,51
8280,51
2846,50
1535,50
3894,50
2429,50
7617,49
11465,49
1078,49
5813,49
2572,49
2596,49
9698,49
13596,49
176,48
14205,48
13850,48
795,47
90,46
6670,46
528,46
2159,46
15760,46
4523,45
13363,45
2449,44
7714,44
15200,43
17222,43
12006,43
1006,43
16004,43
1377,42
13853,42
4228,42
10810,41
4773,41
139,41
1926,41
4599,40
1475,40
12450,40
515,40
680,39
5183,39
7362,38
5455,38
5918,38
6741,38
7082,38
5352,38
8364,38
16686,38
6980,38
6404,37
7370,37
8735,37
11405,37
9767,37
255,37
16700,37
9846,37
9295,37
10716,36
4342,36
5889,36
2015,36
15787,36
12845,36
2610,36
16198,36
6538,36
16085,36
3666,36
11747,36
14854,35
13348,35
34,35
11823,35
10698,35
9727,35
1032,35
4429,34
9134,34
9643,34
13718,34
12438,34
3820,34
9894,34
14976,34
7463,33
11136,33
7384,33
5558,33
5265,33
11030,33
11366,33
9503,33
6236,32
7214,32
6500,32
16987,32
11856,32
12864,32
7744,32
15390,32
15358,32
5467,32
2298,32
10125,31
16983,31
14267,31
836,31
17094,31
2988,31
13640,31
2039,31
13661,31
697,31
7857,31
9355,31
7986,31
9284,31
264,31
3248,31
9113,31
8863,31
14494,31
5572,31
2209,31
15713,31
6782,31
15628,30
12846,30
815,30
3043,30
17809,30
6725,30
10010,30
5469,30
12878,30
12884,30
9652,30
13392,30
12170,30
9117,30
14485,30
6363,30
12474,30
10884,30
15702,29
24,29
13693,29
4882,29
8113,29
11361,29
12588,29
11760,29
7841,29
14075,29
3070,29
705,29
17902,29
5071,29
12307,29
1733,29
3882,29
2915,29
17858,29
3950,29
1282,29
16697,29
11824,29
3217,29
14469,29
4331,29
3862,29
17869,29
14005,29
12370,29
17268,29
